CategoryName,ProductDetail,ProductKey,ProductName,ProductSize,SubcategoryName,UnitPrice
Amino Acids,NA,394,MICROPURE GLUTAMINE,300 Grams,Glutamine,"R$ 20,52"
Amino Acids,NA,395,RecoverMode Muscle Recovery,30 Servings,BCAA,"R$ 61,374"
Amino Acids,NA,397,BCAA 2:1:1,400 Grams,BCAA,"R$ 24,295"
Amino Acids,NA,398,AminoLean Amino Acids,30 Servings,BCAA,"R$ 26,724"
Amino Acids,NA,399,BCAA Energy Amino Acids,65 Servings,BCAA,"R$ 33,775"
Amino Acids,NA,400,BCAA 5000,240 Capsules,BCAA,"R$ 37,152"
Amino Acids,NA,401,AMINOx BCAA,70 Servings,BCAA,"R$ 65,602"
Amino Acids,NA,402,Active BCAAs Powder,30 Servings,BCAA,"R$ 72,162"
Amino Acids,NA,403,HMB 1000 mg,90 Capsules,BCAA,"R$ 24,295"
Amino Acids,NA,404,LeanBCAA Fat Burner,30 Servings,BCAA,"R$ 26,724"
Amino Acids,NA,407,Xtend Original BCAA,90 Servings,BCAA,"R$ 65,602"
Amino Acids,NA,408,Essential AmiN.O. Energy,30 Servings,BCAA,"R$ 72,162"
Amino Acids,NA,410,Amino Build Next Gen Ripped,30 Servings,BCAA,"R$ 36,447"
Amino Acids,NA,419,In-Kaged Intra Workout,20 Servings,BCAA,"R$ 52,647"
Amino Acids,NA,422,BCAA Energy Amino Acids,30 Servings,BCAA,"R$ 67,539"
Amino Acids,NA,501,Signature BCAA,30 Servings,BCAA,"R$ 72,876"
Amino Acids,NA,514,Amino Build Next Gen,50 Servings,BCAA,"R$ 63,9"
Amino Acids,NA,515,Alpha Amino,60 Servings,BCAA,"R$ 16,272"
Amino Acids,NA,516,XTEND Ripped,30 Servings,BCAA,"R$ 23,484"
Amino Acids,NA,517,FocusMode,30 Veggie Caps,BCAA,"R$ 31,584"
Amino Acids,NA,518,AMINOx BCAA,30 Servings,BCAA,"R$ 16,272"
Amino Acids,NA,520,Amino Build Next Gen,30 Servings,BCAA,"R$ 31,584"
Amino Acids,NA,521,Animal M-Stak,21 Packs,BCAA,"R$ 16,272"
Amino Acids,NA,522,BCAA 1000 mg,400 Capsules,BCAA,"R$ 23,484"
Amino Acids,NA,523,XTEND Sport,30 Servings,BCAA,"R$ 31,584"
Amino Acids,NA,542,AMINO SYNERGY,30 Serving,BCAA,"R$ 24,294"
Amino Acids,NA,543,BCAA Lean Energy,30 Servings,BCAA,"R$ 37,254"
Amino Acids,NA,544,MICROPURE GLUTAMINE,500 Grams,Glutamine,"R$ 48,594"
Amino Acids,NA,545,Alpha Amino,30 Servings,BCAA,"R$ 24,294"
Amino Acids,NA,546,HYDRAMINO Electrolytes,60 Servings,BCAA,"R$ 37,254"
Amino Acids,NA,547,BCAA 5000,30 Servings,BCAA,"R$ 48,594"
Amino Acids,NA,548,BCAA 5000,60 Servings,BCAA,"R$ 48,594"
Amino Acids,NA,552,Essential AmiN.O. Energy,65 Servings,BCAA,"R$ 54,894"
Amino Acids,NA,553,L-Glutamine Capsules,240 Capsules,Glutamine,"R$ 27,654"
Amino Acids,NA,554,Recovery Amino,30 Servings,BCAA,"R$ 54,942"
Amino Acids,NA,555,AminoLean Amino Acids,70 Servings,BCAA,"R$ 63,9"
Amino Acids,NA,559,Alpha Amino,90 Servings,BCAA,"R$ 12,144"
Amino Acids,NA,601,Xtend Original BCAA,30 Servings,BCAA,"R$ 32,394"
Carbs,Banana,263,PRO Weight Gainer,2lbs,Gainer,"R$ 202,332"
Carbs,Banana,272,PRO Weight Gainer,1lbs,Gainer,"R$ 183,938"
Carbs,Banana,276,PRO Weight Gainer,5lbs,Gainer,"R$ 356,898"
Carbs,Banana,427,Serious MASS Gainer,2lbs,Gainer,"R$ 209,256"
Carbs,Banana,433,Serious MASS Gainer,5lbs,Gainer,"R$ 324,453"
Carbs,Banana,493,Serious MASS Gainer,1lbs,Gainer,"R$ 200,052"
Carbs,Capuccino,258,Serious MASS Gainer,2lbs,Gainer,"R$ 202,332"
Carbs,Capuccino,280,Serious MASS Gainer,1lbs,Gainer,"R$ 183,938"
Carbs,Capuccino,412,PRO Weight Gainer,1lbs,Gainer,"R$ 180,129"
Carbs,Capuccino,418,PRO Weight Gainer,5lbs,Gainer,"R$ 356,898"
Carbs,Capuccino,507,PRO Weight Gainer,2lbs,Gainer,"R$ 200,052"
Carbs,Capuccino,549,Serious MASS Gainer,5lbs,Gainer,"R$ 218,454"
Carbs,Caramel Ice Cream,264,PRO Weight Gainer,1lbs,Gainer,"R$ 183,938"
Carbs,Caramel Ice Cream,287,PRO Weight Gainer,2lbs,Gainer,"R$ 202,332"
Carbs,Caramel Ice Cream,415,Serious MASS Gainer,1lbs,Gainer,"R$ 198,036"
Carbs,Caramel Ice Cream,428,Serious MASS Gainer,2lbs,Gainer,"R$ 209,256"
Carbs,Caramel Ice Cream,430,PRO Weight Gainer,5lbs,Gainer,"R$ 356,898"
Carbs,Caramel Ice Cream,558,Serious MASS Gainer,5lbs,Gainer,"R$ 242,994"
Carbs,Chocolate,253,PRO Weight Gainer,1lbs,Gainer,"R$ 178,581"
Carbs,Chocolate,257,PRO Weight Gainer,1lbs,Gainer,"R$ 183,938"
Carbs,Chocolate,281,PRO Weight Gainer,2lbs,Gainer,"R$ 202,332"
Carbs,Chocolate,436,Serious MASS Gainer,5lbs,Gainer,"R$ 356,898"
Carbs,Chocolate,497,PRO Weight Gainer,5lbs,Gainer,"R$ 602,346"
Carbs,Chocolate,503,PRO Weight Gainer,2lbs,Gainer,"R$ 200,052"
Carbs,Chocolate,505,Serious MASS Gainer,1lbs,Gainer,"R$ 200,052"
Carbs,Chocolate,513,Serious MASS Gainer,2lbs,Gainer,"R$ 218,454"
Carbs,Coconut,266,PRO Weight Gainer,1lbs,Gainer,"R$ 183,938"
Carbs,Coconut,271,PRO Weight Gainer,2lbs,Gainer,"R$ 202,332"
Carbs,Coconut,424,Serious MASS Gainer,2lbs,Gainer,"R$ 214,236"
Carbs,Coconut,429,Serious MASS Gainer,5lbs,Gainer,"R$ 324,453"
Carbs,Coconut,499,PRO Weight Gainer,5lbs,Gainer,"R$ 602,346"
Carbs,Coconut,510,Serious MASS Gainer,1lbs,Gainer,"R$ 200,052"
Carbs,Cookies,262,PRO Weight Gainer,1lbs,Gainer,"R$ 183,938"
Carbs,Cookies,267,PRO Weight Gainer,2lbs,Gainer,"R$ 202,332"
Carbs,Cookies,417,Serious MASS Gainer,5lbs,Gainer,"R$ 324,453"
Carbs,Cookies,426,Serious MASS Gainer,2lbs,Gainer,"R$ 209,256"
Carbs,Cookies,500,PRO Weight Gainer,5lbs,Gainer,"R$ 602,346"
Carbs,Cookies,509,Serious MASS Gainer,1lbs,Gainer,"R$ 200,052"
Carbs,Natural,256,TrueFit Grass-Fed Protein,5lbs,Meal Replacement,"R$ 178,581"
Carbs,Natural,279,MRE Meal Replacement Powder,5lbs,Meal Replacement,"R$ 178,581"
Carbs,Natural,285,TrueFit Grass-Fed Protein,2lbs,Meal Replacement,"R$ 178,581"
Carbs,Natural,391,ONE,10 packs,Meal Replacement,"R$ 88,932"
Carbs,Natural,393,ONE,12 oz,Meal Replacement,"R$ 137,694"
Carbs,Natural,396,ONE,24 oz,Meal Replacement,"R$ 74,838"
Carbs,Natural,411,ONE,3lbs,Meal Replacement,"R$ 125,415"
Carbs,Natural,414,100% Keto Food,14 serv,Meal Replacement,"R$ 149,031"
Carbs,Natural,420,Myolean Evolution,30 serv,Meal Replacement,"R$ 141,615"
Carbs,Natural,423,MRE Lite,1lbs,Meal Replacement,"R$ 165,231"
Carbs,Natural,524,Meal Replacement,40 packs,Meal Replacement,"R$ 158,43"
Carbs,Natural,525,MRE Bar,12 bars,Meal Replacement,"R$ 158,43"
Carbs,Natural,526,Meal Rep,5lbs,Meal Replacement,"R$ 158,43"
Carbs,Natural,527,Lean Body MRP,5lbs,Meal Replacement,"R$ 158,43"
Carbs,Natural,531,Carb Watchers Lean Body MRP,42 packs,Meal Replacement,"R$ 149,874"
Carbs,Natural,532,Carb Watchers Lean Body MRP,20 packs,Meal Replacement,"R$ 149,874"
Carbs,Natural,533,MRE Lite,2lbs,Meal Replacement,"R$ 149,874"
Carbs,Natural,534,Ration Pack Meal Replacement,20 packs,Meal Replacement,"R$ 149,874"
Carbs,Natural,550,Victus Meal Replacement,5lbs,Meal Replacement,"R$ 149,874"
Carbs,Natural,551,Lean Body MRP,2lbs,Meal Replacement,"R$ 158,43"
Carbs,Natural,556,Core MRP,2lbs,Meal Replacement,"R$ 105,294"
Carbs,Natural,557,RAW Organic Meal,28 serv,Meal Replacement,"R$ 153,894"
Carbs,Natural,603,ONE,36 oz,Meal Replacement,"R$ 72,894"
Carbs,Peanut Butter,254,PRO Weight Gainer,1lbs,Gainer,"R$ 183,938"
Carbs,Peanut Butter,265,PRO Weight Gainer,2lbs,Gainer,"R$ 202,332"
Carbs,Peanut Butter,434,Serious MASS Gainer,5lbs,Gainer,"R$ 356,898"
Carbs,Peanut Butter,492,PRO Weight Gainer,5lbs,Gainer,"R$ 602,346"
Carbs,Peanut Butter,504,Serious MASS Gainer,1lbs,Gainer,"R$ 200,052"
Carbs,Peanut Butter,511,Serious MASS Gainer,2lbs,Gainer,"R$ 218,454"
Carbs,Strawberry,255,Serious MASS Gainer,2lbs,Gainer,"R$ 202,332"
Carbs,Strawberry,275,PRO Weight Gainer,5lbs,Gainer,"R$ 356,898"
Carbs,Strawberry,286,PRO Weight Gainer,1lbs,Gainer,"R$ 183,938"
Carbs,Strawberry,421,Serious MASS Gainer,1lbs,Gainer,"R$ 196,329"
Carbs,Strawberry,502,PRO Weight Gainer,2lbs,Gainer,"R$ 200,052"
Carbs,Strawberry,512,Serious MASS Gainer,5lbs,Gainer,"R$ 218,454"
Carbs,Vanilla,270,PRO Weight Gainer,1lbs,Gainer,"R$ 183,938"
Carbs,Vanilla,273,PRO Weight Gainer,2lbs,Gainer,"R$ 202,332"
Carbs,Vanilla,409,Serious MASS Gainer,2lbs,Gainer,"R$ 209,256"
Carbs,Vanilla,435,Serious MASS Gainer,5lbs,Gainer,"R$ 324,453"
Carbs,Vanilla,496,PRO Weight Gainer,5lbs,Gainer,"R$ 602,346"
Carbs,Vanilla,506,Serious MASS Gainer,1lbs,Gainer,"R$ 200,052"
Clothing,Black,218,Gym Sports Socks,M,Socks,"R$ 5,7"
Clothing,Black,219,Gym Sports Socks,L,Socks,"R$ 5,7"
Clothing,Black,223,Men's 3/4 Leggings,M,Vests,"R$ 5,187"
Clothing,Black,224,Men's 3/4 Leggings,L,Vests,"R$ 5,187"
Clothing,Black,225,Men's 3/4 Leggings,S,Vests,"R$ 5,394"
Clothing,Black,230,Long-Sleeve Logo Jersey,M,Jerseys,"R$ 28,84"
Clothing,Black,233,Long-Sleeve Logo Jersey,L,Jerseys,"R$ 28,84"
Clothing,Black,236,Long-Sleeve Logo Jersey,XL,Jerseys,"R$ 28,84"
Clothing,Black,445,Men's Sports Shorts,S,Shorts,"R$ 35,994"
Clothing,Black,453,Men's Sports Shorts,M,Shorts,"R$ 35,994"
Clothing,Black,454,Men's Sports Shorts,L,Shorts,"R$ 35,994"
Clothing,Black,456,Women's Tights,S,Vests,"R$ 44,994"
Clothing,Black,457,Women's Tights,M,Vests,"R$ 44,994"
Clothing,Black,458,Women's Tights,L,Vests,"R$ 44,994"
Clothing,Black,459,Men's Jacket,S,Jackets,"R$ 53,994"
Clothing,Black,460,Men's Jacket,M,Jackets,"R$ 53,994"
Clothing,Black,461,Men's Jacket,L,Jackets,"R$ 53,994"
Clothing,Black,462,Half-Finger Gloves,S,Gloves,"R$ 14,129"
Clothing,Black,463,Half-Finger Gloves,S,Gloves,"R$ 14,694"
Clothing,Black,464,Half-Finger Gloves,M,Gloves,"R$ 14,129"
Clothing,Black,465,Half-Finger Gloves,M,Gloves,"R$ 14,694"
Clothing,Black,466,Half-Finger Gloves,L,Gloves,"R$ 14,129"
Clothing,Black,467,Half-Finger Gloves,L,Gloves,"R$ 14,694"
Clothing,Black,468,Full-Finger Gloves,S,Gloves,"R$ 22,794"
Clothing,Black,469,Full-Finger Gloves,M,Gloves,"R$ 22,034"
Clothing,Black,470,Full-Finger Gloves,L,Gloves,"R$ 20,895"
Clothing,Black,471,Classic Vest,S,Tights,"R$ 38,1"
Clothing,Black,472,Classic Vest,M,Tights,"R$ 38,1"
Clothing,Black,473,Classic Vest,L,Tights,"R$ 38,1"
Clothing,Black,474,Women's Gym Shorts,S,Shorts,"R$ 34,995"
Clothing,Black,475,Women's Gym Shorts,M,Shorts,"R$ 41,994"
Clothing,Black,476,Women's Gym Shorts,L,Shorts,"R$ 41,994"
Clothing,Black,481,Gym Socks,M,Socks,"R$ 5,394"
Clothing,Black,482,Gym Socks,L,Socks,"R$ 5,394"
Clothing,Black,488,Short-Sleeve Classic Jersey,S,Jerseys,"R$ 32,394"
Clothing,Black,490,Short-Sleeve Classic Jersey,L,Jerseys,"R$ 32,394"
Clothing,Black,491,Short-Sleeve Classic Jersey,XL,Jerseys,"R$ 32,394"
Clothing,Red,229,Long-Sleeve Logo Jersey,M,Jerseys,"R$ 28,84"
Clothing,Red,232,Long-Sleeve Logo Jersey,L,Jerseys,"R$ 28,84"
Clothing,Red,235,Long-Sleeve Logo Jersey,XL,Jerseys,"R$ 28,84"
Clothing,White,231,Long-Sleeve Logo Jersey,M,Jerseys,"R$ 29,994"
Clothing,White,234,Long-Sleeve Logo Jersey,L,Jerseys,"R$ 28,994"
Clothing,White,237,Long-Sleeve Logo Jersey,XL,Jerseys,"R$ 29,994"
Protein,Banana,240,100% Vegan Protein,5lbs,Vegan Protein,"R$ 858,9"
Protein,Banana,289,100% Vegan Protein,4lbs,Vegan Protein,"R$ 744,273"
Protein,Banana,304,STEAK in Powder,4lbs,Beef Protein,"R$ 714,704"
Protein,Banana,306,STEAK in Powder,5lbs,Beef Protein,"R$ 809,76"
Protein,Banana,338,100% Egg Protein,2lbs,Egg Protein,"R$ 419,459"
Protein,Banana,341,Pure Casein Protein,2lbs,Casein Protein,"R$ 469,794"
Protein,Banana,342,Hydrolyzed Whey Protein,1lbs,Whey Protein,"R$ 419,459"
Protein,Banana,343,Concentrate Whey Protein,2lbs,Whey Protein,"R$ 469,794"
Protein,Banana,347,Hydrolyzed Whey Protein,5lbs,Whey Protein,"R$ 2039,994"
Protein,Banana,352,100% Egg Protein,5lbs,Egg Protein,"R$ 1242,852"
Protein,Banana,366,Isolate Whey Protein,2lbs,Whey Protein,"R$ 647,994"
Protein,Banana,377,Concentrate Whey Protein,5lbs,Whey Protein,"R$ 1308,938"
Protein,Banana,378,Isolate Whey Protein,5lbs,Whey Protein,"R$ 1466,01"
Protein,Banana,573,Pure Casein Protein,5lbs,Casein Protein,"R$ 1430,442"
Protein,Banana,578,Hydrolyzed Whey Protein,2lbs,Whey Protein,"R$ 728,91"
Protein,Banana,585,Isolate Whey Protein,1lbs,Whey Protein,"R$ 334,058"
Protein,Banana,606,Pure Casein Protein,1lbs,Casein Protein,"R$ 323,994"
Protein,Capuccino,295,100% Vegan Protein,5lbs,Vegan Protein,"R$ 818,7"
Protein,Capuccino,305,100% Vegan Protein,4lbs,Vegan Protein,"R$ 736,146"
Protein,Capuccino,321,Pure Casein Protein,2lbs,Casein Protein,"R$ 469,794"
Protein,Capuccino,328,100% Egg Protein,2lbs,Egg Protein,"R$ 419,459"
Protein,Capuccino,344,Hydrolyzed Whey Protein,5lbs,Whey Protein,"R$ 2039,994"
Protein,Capuccino,355,Pure Casein Protein,5lbs,Casein Protein,"R$ 1391,994"
Protein,Capuccino,362,100% Egg Protein,5lbs,Egg Protein,"R$ 1229,459"
Protein,Capuccino,365,Isolate Whey Protein,2lbs,Whey Protein,"R$ 647,994"
Protein,Capuccino,370,Isolate Whey Protein,5lbs,Whey Protein,"R$ 1466,01"
Protein,Capuccino,375,Concentrate Whey Protein,5lbs,Whey Protein,"R$ 1308,938"
Protein,Capuccino,441,STEAK in Powder,5lbs,Beef Protein,"R$ 780,818"
Protein,Capuccino,498,STEAK in Powder,4lbs,Beef Protein,"R$ 602,346"
Protein,Capuccino,570,Hydrolyzed Whey Protein,1lbs,Whey Protein,"R$ 334,058"
Protein,Capuccino,579,Hydrolyzed Whey Protein,2lbs,Whey Protein,"R$ 728,91"
Protein,Capuccino,587,Concentrate Whey Protein,2lbs,Whey Protein,"R$ 461,694"
Protein,Capuccino,591,Pure Casein Protein,1lbs,Casein Protein,"R$ 338,994"
Protein,Capuccino,597,Isolate Whey Protein,1lbs,Whey Protein,"R$ 323,994"
Protein,Caramel Ice Cream,243,100% Vegan Protein,5lbs,Vegan Protein,"R$ 858,9"
Protein,Caramel Ice Cream,294,100% Vegan Protein,4lbs,Vegan Protein,"R$ 744,273"
Protein,Caramel Ice Cream,299,STEAK in Powder,5lbs,Beef Protein,"R$ 809,76"
Protein,Caramel Ice Cream,323,Concentrate Whey Protein,2lbs,Whey Protein,"R$ 454,134"
Protein,Caramel Ice Cream,337,Pure Casein Protein,2lbs,Casein Protein,"R$ 469,794"
Protein,Caramel Ice Cream,340,100% Egg Protein,2lbs,Egg Protein,"R$ 419,459"
Protein,Caramel Ice Cream,350,Hydrolyzed Whey Protein,5lbs,Whey Protein,"R$ 2024,994"
Protein,Caramel Ice Cream,354,100% Egg Protein,5lbs,Egg Protein,"R$ 1242,852"
Protein,Caramel Ice Cream,367,Isolate Whey Protein,2lbs,Whey Protein,"R$ 647,994"
Protein,Caramel Ice Cream,374,Isolate Whey Protein,5lbs,Whey Protein,"R$ 1466,01"
Protein,Caramel Ice Cream,379,Concentrate Whey Protein,5lbs,Whey Protein,"R$ 1308,938"
Protein,Caramel Ice Cream,495,STEAK in Powder,4lbs,Beef Protein,"R$ 602,346"
Protein,Caramel Ice Cream,567,Hydrolyzed Whey Protein,1lbs,Whey Protein,"R$ 334,058"
Protein,Caramel Ice Cream,571,Isolate Whey Protein,1lbs,Whey Protein,"R$ 334,058"
Protein,Caramel Ice Cream,576,Pure Casein Protein,5lbs,Casein Protein,"R$ 1430,442"
Protein,Caramel Ice Cream,577,Hydrolyzed Whey Protein,2lbs,Whey Protein,"R$ 728,91"
Protein,Caramel Ice Cream,605,Pure Casein Protein,1lbs,Casein Protein,"R$ 323,994"
Protein,Chocolate,242,100% Vegan Protein,4lbs,Vegan Protein,"R$ 780,818"
Protein,Chocolate,292,STEAK in Powder,5lbs,Beef Protein,"R$ 818,7"
Protein,Chocolate,297,STEAK in Powder,4lbs,Beef Protein,"R$ 736,146"
Protein,Chocolate,310,Hydrolyzed Whey Protein,5lbs,Whey Protein,"R$ 2146,962"
Protein,Chocolate,319,Hydrolyzed Whey Protein,2lbs,Whey Protein,"R$ 874,794"
Protein,Chocolate,324,Blended Protein,2lbs,Blended Protein,"R$ 419,459"
Protein,Chocolate,339,Concentrate Whey Protein,2lbs,Whey Protein,"R$ 469,794"
Protein,Chocolate,346,Isolate Whey Protein,5lbs,Whey Protein,"R$ 2039,994"
Protein,Chocolate,353,Concentrate Whey Protein,5lbs,Whey Protein,"R$ 1391,994"
Protein,Chocolate,360,Blended Protein,5lbs,Blended Protein,"R$ 1229,459"
Protein,Chocolate,369,Pure Casein Protein,5lbs,Casein Protein,"R$ 1466,01"
Protein,Chocolate,373,100% Egg Protein,5lbs,Egg Protein,"R$ 1308,938"
Protein,Chocolate,383,Pure Casein Protein,2lbs,Casein Protein,"R$ 600,263"
Protein,Chocolate,386,Isolate Whey Protein,2lbs,Whey Protein,"R$ 672,294"
Protein,Chocolate,565,Hydrolyzed Whey Protein,1lbs,Whey Protein,"R$ 334,058"
Protein,Chocolate,590,100% Egg Protein,2lbs,Egg Protein,"R$ 461,694"
Protein,Chocolate,595,Pure Casein Protein,1lbs,Casein Protein,"R$ 338,994"
Protein,Chocolate,598,Isolate Whey Protein,1lbs,Whey Protein,"R$ 323,994"
Protein,Coconut,245,100% Vegan Protein,4lbs,Vegan Protein,"R$ 780,818"
Protein,Coconut,293,STEAK in Powder,4lbs,Beef Protein,"R$ 722,595"
Protein,Coconut,309,STEAK in Powder,5lbs,Beef Protein,"R$ 818,7"
Protein,Coconut,312,Hydrolyzed Whey Protein,5lbs,Whey Protein,"R$ 2146,962"
Protein,Coconut,317,Hydrolyzed Whey Protein,2lbs,Whey Protein,"R$ 874,794"
Protein,Coconut,327,100% Egg Protein,2lbs,Egg Protein,"R$ 234,897"
Protein,Coconut,330,Blended Protein,2lbs,Blended Protein,"R$ 419,459"
Protein,Coconut,333,Concentrate Whey Protein,2lbs,Whey Protein,"R$ 469,794"
Protein,Coconut,349,Isolate Whey Protein,5lbs,Whey Protein,"R$ 2024,994"
Protein,Coconut,361,Concentrate Whey Protein,5lbs,Whey Protein,"R$ 1376,994"
Protein,Coconut,368,Pure Casein Protein,5lbs,Casein Protein,"R$ 1466,01"
Protein,Coconut,382,Isolate Whey Protein,2lbs,Whey Protein,"R$ 672,294"
Protein,Coconut,387,Pure Casein Protein,2lbs,Casein Protein,"R$ 600,263"
Protein,Coconut,562,100% Egg Protein,5lbs,Egg Protein,"R$ 953,628"
Protein,Coconut,569,Hydrolyzed Whey Protein,1lbs,Whey Protein,"R$ 334,058"
Protein,Coconut,581,Blended Protein,5lbs,Blended Protein,"R$ 1020,594"
Protein,Coconut,592,Pure Casein Protein,1lbs,Casein Protein,"R$ 338,994"
Protein,Coconut,604,Isolate Whey Protein,1lbs,Whey Protein,"R$ 323,994"
Protein,Cookies,241,100% Vegan Protein,4lbs,Vegan Protein,"R$ 758,076"
Protein,Cookies,288,STEAK in Powder,4lbs,Beef Protein,"R$ 722,595"
Protein,Cookies,300,STEAK in Powder,5lbs,Beef Protein,"R$ 809,76"
Protein,Cookies,313,Hydrolyzed Whey Protein,5lbs,Whey Protein,"R$ 2146,962"
Protein,Cookies,318,Hydrolyzed Whey Protein,2lbs,Whey Protein,"R$ 874,794"
Protein,Cookies,320,Blended Protein,2lbs,Blended Protein,"R$ 419,459"
Protein,Cookies,325,Concentrate Whey Protein,2lbs,Whey Protein,"R$ 454,134"
Protein,Cookies,332,100% Egg Protein,2lbs,Egg Protein,"R$ 419,459"
Protein,Cookies,351,Isolate Whey Protein,5lbs,Whey Protein,"R$ 2024,994"
Protein,Cookies,359,Concentrate Whey Protein,5lbs,Whey Protein,"R$ 1376,994"
Protein,Cookies,381,Pure Casein Protein,2lbs,Casein Protein,"R$ 600,263"
Protein,Cookies,384,Isolate Whey Protein,2lbs,Whey Protein,"R$ 672,294"
Protein,Cookies,440,100% Vegan Protein,5lbs,Vegan Protein,"R$ 858,9"
Protein,Cookies,563,100% Egg Protein,5lbs,Egg Protein,"R$ 953,628"
Protein,Cookies,575,Pure Casein Protein,5lbs,Casein Protein,"R$ 1430,442"
Protein,Cookies,580,Blended Protein,5lbs,Blended Protein,"R$ 1020,594"
Protein,Cookies,586,Hydrolyzed Whey Protein,1lbs,Whey Protein,"R$ 334,058"
Protein,Cookies,596,Isolate Whey Protein,1lbs,Whey Protein,"R$ 323,994"
Protein,Peanut Butter,239,100% Vegan Protein,4lbs,Vegan Protein,"R$ 780,818"
Protein,Peanut Butter,290,STEAK in Powder,5lbs,Beef Protein,"R$ 818,7"
Protein,Peanut Butter,307,STEAK in Powder,4lbs,Beef Protein,"R$ 722,595"
Protein,Peanut Butter,311,Hydrolyzed Whey Protein,5lbs,Whey Protein,"R$ 2146,962"
Protein,Peanut Butter,316,Hydrolyzed Whey Protein,2lbs,Whey Protein,"R$ 874,794"
Protein,Peanut Butter,326,Blended Protein,2lbs,Blended Protein,"R$ 419,459"
Protein,Peanut Butter,335,Concentrate Whey Protein,2lbs,Whey Protein,"R$ 469,794"
Protein,Peanut Butter,348,Isolate Whey Protein,5lbs,Whey Protein,"R$ 2024,994"
Protein,Peanut Butter,363,Concentrate Whey Protein,5lbs,Whey Protein,"R$ 1376,994"
Protein,Peanut Butter,376,Pure Casein Protein,5lbs,Casein Protein,"R$ 1466,01"
Protein,Peanut Butter,385,Pure Casein Protein,2lbs,Casein Protein,"R$ 600,263"
Protein,Peanut Butter,388,Isolate Whey Protein,2lbs,Whey Protein,"R$ 672,294"
Protein,Peanut Butter,561,100% Egg Protein,5lbs,Egg Protein,"R$ 953,628"
Protein,Peanut Butter,572,Hydrolyzed Whey Protein,1lbs,Whey Protein,"R$ 334,058"
Protein,Peanut Butter,582,Blended Protein,5lbs,Blended Protein,"R$ 1020,594"
Protein,Peanut Butter,588,100% Egg Protein,2lbs,Egg Protein,"R$ 461,694"
Protein,Peanut Butter,594,Pure Casein Protein,1lbs,Casein Protein,"R$ 338,994"
Protein,Peanut Butter,600,Isolate Whey Protein,1lbs,Whey Protein,"R$ 323,994"
Protein,Strawberry,246,100% Vegan Protein,5lbs,Vegan Protein,"R$ 858,9"
Protein,Strawberry,308,100% Vegan Protein,4lbs,Vegan Protein,"R$ 744,273"
Protein,Strawberry,331,Pure Casein Protein,2lbs,Casein Protein,"R$ 469,794"
Protein,Strawberry,334,100% Egg Protein,2lbs,Egg Protein,"R$ 419,459"
Protein,Strawberry,345,Hydrolyzed Whey Protein,5lbs,Whey Protein,"R$ 2039,994"
Protein,Strawberry,357,Pure Casein Protein,5lbs,Casein Protein,"R$ 1391,994"
Protein,Strawberry,358,100% Egg Protein,5lbs,Egg Protein,"R$ 1229,459"
Protein,Strawberry,364,Isolate Whey Protein,2lbs,Whey Protein,"R$ 647,994"
Protein,Strawberry,371,Concentrate Whey Protein,5lbs,Whey Protein,"R$ 1308,938"
Protein,Strawberry,372,Isolate Whey Protein,5lbs,Whey Protein,"R$ 1466,01"
Protein,Strawberry,439,STEAK in Powder,5lbs,Beef Protein,"R$ 780,818"
Protein,Strawberry,494,STEAK in Powder,4lbs,Beef Protein,"R$ 602,346"
Protein,Strawberry,560,Hydrolyzed Whey Protein,2lbs,Whey Protein,"R$ 728,91"
Protein,Strawberry,566,Hydrolyzed Whey Protein,1lbs,Whey Protein,"R$ 334,058"
Protein,Strawberry,584,Isolate Whey Protein,1lbs,Whey Protein,"R$ 323,994"
Protein,Strawberry,589,Concentrate Whey Protein,2lbs,Whey Protein,"R$ 461,694"
Protein,Strawberry,593,Pure Casein Protein,1lbs,Casein Protein,"R$ 338,994"
Protein,Vanilla,238,100% Vegan Protein,4lbs,Vegan Protein,"R$ 758,076"
Protein,Vanilla,296,STEAK in Powder,4lbs,Beef Protein,"R$ 714,704"
Protein,Vanilla,298,STEAK in Powder,5lbs,Beef Protein,"R$ 809,76"
Protein,Vanilla,314,Hydrolyzed Whey Protein,5lbs,Whey Protein,"R$ 2146,962"
Protein,Vanilla,315,Hydrolyzed Whey Protein,2lbs,Whey Protein,"R$ 874,794"
Protein,Vanilla,322,Blended Protein,2lbs,Blended Protein,"R$ 419,459"
Protein,Vanilla,329,Concentrate Whey Protein,2lbs,Whey Protein,"R$ 469,794"
Protein,Vanilla,336,100% Egg Protein,2lbs,Egg Protein,"R$ 419,459"
Protein,Vanilla,356,100% Egg Protein,5lbs,Egg Protein,"R$ 1242,852"
Protein,Vanilla,380,Isolate Whey Protein,5lbs,Whey Protein,"R$ 1466,01"
Protein,Vanilla,389,Pure Casein Protein,2lbs,Casein Protein,"R$ 580,254"
Protein,Vanilla,390,Isolate Whey Protein,2lbs,Whey Protein,"R$ 672,294"
Protein,Vanilla,442,100% Vegan Protein,5lbs,Vegan Protein,"R$ 858,9"
Protein,Vanilla,564,Concentrate Whey Protein,5lbs,Whey Protein,"R$ 953,628"
Protein,Vanilla,568,Hydrolyzed Whey Protein,1lbs,Whey Protein,"R$ 334,058"
Protein,Vanilla,574,Pure Casein Protein,5lbs,Casein Protein,"R$ 1430,442"
Protein,Vanilla,583,Blended Protein,5lbs,Blended Protein,"R$ 1020,594"
Protein,Vanilla,599,Isolate Whey Protein,1lbs,Whey Protein,"R$ 323,994"
Vitamins,NA,212,Opti-Women Multivitamin,60 Capsules,Vitamins,"R$ 20,187"
Vitamins,NA,213,Men Multivitamin for Men,240 Tablets,Vitamins,"R$ 16,822"
Vitamins,NA,214,VITASTACK,30 Multi-Packs,Vitamins,"R$ 15,746"
Vitamins,NA,215,Women Multivitamin,120 Capsules,Vitamins,"R$ 20,187"
Vitamins,NA,216,Animal Pak Multivitamin,44 Packs,Vitamins,"R$ 16,822"
Vitamins,NA,217,Men Multivitamin for Men,90 Tablets,Vitamins,"R$ 15,746"
Vitamins,NA,220,Platinum Multivitamin For Her,90 Tablets,Vitamins,"R$ 20,187"
Vitamins,NA,221,Orange Triad,270 Tablets,Vitamins,"R$ 16,822"
Vitamins,NA,222,Adam Men's Multivitamin,180 Softgels,Vitamins,"R$ 15,746"
Vitamins,NA,447,Animal Pak Multivitamin,30 Packs,Vitamins,"R$ 14,5"
Vitamins,NA,448,Daily Formula,100 Tablets,Vitamins,"R$ 11,994"
Vitamins,NA,477,VitaMode Multivitamin,120 Tablets (60 Days),Vitamins,"R$ 2,994"
Vitamins,NA,480,Vigor Male Multivitamin,30 Tablets,Vitamins,"R$ 1,374"
Vitamins,NA,483,Active Man,90 Tablets,Vitamins,R$ 72
Vitamins,NA,484,Signature Multivitamin,90 Tablets,Vitamins,"R$ 4,77"
Vitamins,NA,487,Women's MultiVitamin,120 Tablets,Vitamins,"R$ 32,994"
